"3","Rio Tinto","RIO","155564163072","95.65","United Kingdom"
"15","Anglo American","AAL.L","59220926138","55.2698","United Kingdom"
"16","Antofagasta","ANTO.L","50029988496","50.7477","United Kingdom"
"57","Endeavour Mining","EDV.TO","13456704865","55.8267","United Kingdom"
"120","Hochschild Mining","HOC.L","3635880962","7.06739","United Kingdom"
"206","Metals Exploration","MTL.L","679842774","0.222137","United Kingdom"
"243","Capital Limited","CAPD.L","355134746","1.57347","United Kingdom"
"245","Central Asia Metals","CAML.L","347442354","2.0389","United Kingdom"
"246","Guardian Metal Resources","GMTL","333121664","8.55","United Kingdom"
"252","Kore Potash plc","KP2.L","260066455","0.0502453","United Kingdom"
"318","Halo Minerals PLC","HALO.L","12080606","0.109085","United Kingdom"
