"Rank","Name","Symbol","marketcap","price (USD)","country"
"1","BHP Group","BHP","220447703040","86.74","Australia"
"2","Southern Copper","SCCO","176645144576","209.21","United States"
"3","China Shenhua Energy","601088.SS","157103950757","7.24334","China"
"4","Rio Tinto","RIO","154149208064","94.78","United Kingdom"
"5","Newmont","NEM","124167094272","117.84","United States"
"6","Zijin Mining","601899.SS","122567578063","4.6094","China"
"7","Freeport-McMoRan","FCX","105820135424","73.69","United States"
"8","Grupo México","GMBXF","104778481664","13.39","Mexico"
"9","Agnico Eagle Mines","AEM","95713091584","189.02","Canada"
"10","Glencore","GLCNF","90874093568","7.75","Switzerland"
"11","Barrick Gold","B","67580014592","41.06","Canada"
"12","Ma'aden","1211.SR","64514021755","16.6196","Saudi Arabia"
"13","Wheaton Precious Metals","WPM","62969278464","138.65","Canada"
"14","Anglo American","AAL.L","59134762028","55.1894","United Kingdom"
"15","Vale","VALE","57963487232","13.62","Brazil"
"16","Zijin Gold International Company Limited","2259.HK","50030451078","18.6936","Hong Kong"
"17","Antofagasta","ANTO.L","49189756750","49.8954","United Kingdom"
"18","AngloGold Ashanti","AU","47623233536","94.16","South Africa"
"19","Franco-Nevada","FNV","47220678656","244.85","Canada"
"20","CMOC","3993.HK","42011101459","1.96366","China"
"21","Cameco","CCJ","38353035264","88.06","Canada"
"22","Teck Resources","TECK","33385330688","68.05","Canada"
"23","Fortescue","FMG.AX","32982767324","10.7123","Australia"
"24","Gold Fields","GFI","32802809856","36.82","South Africa"
"25","Nutrien","NTR","32202137600","67.48","Canada"
"26","Yankuang Energy (Yanzhou Coal Mining)","600188.SS","30762452506","3.06495","China"
"27","China Coal Energy Company Limited","601898.SS","28553152790","2.15355","China"
"28","Kinross Gold","KGC","28161355776","23.74","Canada"
"29","Fresnillo","FNLPF","27633508352","37.5","Mexico"
"30","Coal India","COALINDIA.NS","26211974671","4.25331","India"
"31","Northern Star","NST.AX","24267454948","17.0321","Australia"
"32","First Quantum Minerals","FM.TO","22859529659","27.4027","Canada"
"33","Bayan Resources","BYAN.JK","21953130467","0.658594","Indonesia"
"34","Lundin Mining","LUN.TO","20990055199","24.6548","Canada"
"35","Nornickel","GMKN.ME","20731212393","1.37","Russia"
"36","Royal Gold","RGLD","20015261696","236.23","United States"
"37","Industrias Peñoles","PE&OLES.MX","19621759707","49.3659","Mexico"
"38","Pan American Silver","PAAS","19184373760","46.27","Canada"
"39","China Northern Rare Earth (CNREHT)","600111.SS","18940952985","5.23945","China"
"40","Evolution Mining","EVN.AX","18779294211","9.18296","Australia"
"41","Shandong Gold Mining","600547.SS","18703229074","4.05716","China"
"42","PT Amman Mineral Internasional Tbk","AMMN.JK","17861107294","0.246658","Indonesia"
"43","KGHM Polska Miedź","KGH.WA","17695054507","88.4753","Poland"
"44","Coeur Mining","CDE","17608525824","17.13","United States"
"45","Zangge Mining Company","000408.SZ","17231764927","10.9832","China"
"46","Zhongjin Gold","600489.SS","16648580850","3.4346","China"
"47","Lundin Gold","LUG.TO","16241282173","67.1714","Canada"
"48","Polyus","PLZL.ME","16220321462","11.6","Russia"
"49","Kazatomprom","0ZQ.F","16151688508","62.276","Kazakhstan"
"50","Sumitomo Metal Mining","5713.T","15959474424","59.4421","Japan"
"51","Metso","METSO.HE","15611139695","18.8515","Finland"
"52","Boliden","BOL.ST","15514311773","54.6351","Sweden"
"53","South32","S32.AX","15354899583","3.42877","Australia"
"54","MMG Limited","1208.HK","14274531846","1.11117","Australia"
"55","Ganfeng Lithium","002460.SZ","14267688039","6.80485","China"
"56","Alamos Gold","AGI","13772088320","32.9","Canada"
"57","Equinox Gold","EQX","13332391936","11.42","Canada"
"58","Endeavour Mining","EDV.TO","13070291835","54.2236","United Kingdom"
"59","Western Mining","601168.SS","12842237163","5.38911","China"
"60","Washington H. Soul Pattinson and Company (Soul Patts)","SOL.AX","12304939983","32.3883","Australia"
"61","Chifeng Jilong Gold Mining","600988.SS","11768783598","6.19276","China"
"62","Hudbay Minerals","HBM","11601061888","26.12","Canada"
"63","Ivanhoe Mines","IVN.TO","11598969259","8.13179","Canada"
"64","Hecla Mining","HL","11449060352","17.07","United States"
"65","China Gold International Resources","CGG.TO","11090692686","27.9776","Canada"
"66","Iamgold","IAG","10734799872","18.8","Canada"
"67","Vedanta","VEDL.NS","10653861366","2.7284","India"
"68","Harmony Gold","HMY","10568774656","16.88","South Africa"
"69","G Mining Ventures","GMIN.TO","10229991411","34.5251","Canada"
"70","Zhejiang Huayou Cobalt","603799.SS","10088233212","5.32775","China"
"71","Impala Platinum","IMP.JO","9931864900","11.0653","South Africa"
"72","Mitsui Mining &amp; Smelting","5706.T","9614116470","16.8038","Japan"
"73","Tianqi Lithium","002466.SZ","9144240705","6.19126","China"
"74","Dundee Precious Metals","DPM.TO","9136131827","41.6474","Canada"
"75","Lynas","LYC.AX","8722553314","8.6662","Australia"
"76","First Majestic Silver","AG","8520438272","17.28","Canada"
"77","Codan Limited","CDA.AX","8443850842","46.3128","Australia"
"78","Buenaventura Mining Company","BVN","8244413440","32.46","Peru"
"79","Zhaojin Mining Industry Company","1818.HK","8233504404","2.32428","China"
"80","MP Materials","MP","8217607168","46.14","United States"
"81","Pilbara Minerals","PLS.AX","7884646746","2.44413","Australia"
"82","China Rare Earth Resources And Technology","000831.SZ","7836072001","7.38402","China"
"83","Aura Minerals","AUGO","7650950144","91.26","United States"
"84","Capstone Copper","CS.TO","7315490647","9.57589","Canada"
"85","Sibanye-Stillwater","SBSW","7233702912","10","South Africa"
"86","B2Gold","BTG","6935621120","5.25","Canada"
"87","Mineral Resources","MIN.AX","6846097681","34.4693","Australia"
"88","Discovery Silver Corp.","DSV.TO","6683008937","8.2089","Canada"
"89","Severstal","CHMF.ME","6629762465","8.01","Russia"
"90","OR Royalties","OR","6525659136","34.84","Canada"
"91","National Mineral Development Corporation","NMDC.NS","6523899369","0.742042","India"
"92","Triple Flag Precious Metals","TFPM","6429353984","31.21","Canada"
"93","OceanaGold","OGC.TO","6137774326","27.592","Canada"
"94","Genesis Minerals Limited","GMD.AX","6047369838","5.14665","Australia"
"95","Perseus Mining","PRU.AX","5908234557","4.45531","Australia"
"96","NexGen Energy","NXE","5791707648","8.75","Canada"
"97","CSN Mineração","CMIN3.SA","5396156882","1.00459","Brazil"
"98","Yancoal","YAL.AX","5375811064","4.07123","Australia"
"99","Ramelius Resources","RMS.AX","4977672438","2.63966","Australia"
"100","Montage Gold Corp.","MAU.TO","4916763227","12.1626","Canada"
"101","Warrior Met Coal","HCC","4914290176","93.07","United States"
"102","K92 Mining","KNT.TO","4852217128","19.7476","Canada"
"103","United Tractors","UNTR.JK","4845277622","1.3871","Indonesia"
"104","Greatland Resources","GGP.L","4808337787","7.12698","Australia"
"105","Torex Gold Resources","TXG.TO","4777400520","51.5948","Canada"
"106","USA Rare Earth","USAR","4710962176","12.56","United States"
"107","Hindustan Copper","HINDCOPPER.NS","4685709093","4.84549","India"
"108","PT Bumi Resources Minerals Tbk","BRMS.JK","4678817780","0.0329996","Indonesia"
"109","Uranium Energy","UEC","4554422784","9.19","United States"
"110","Centerra Gold","CGAU","4476332544","22.54","Canada"
"111","Whitehaven Coal","WHC.AX","4400669192","5.36313","Australia"
"112","Vault Minerals","VAU.AX","4392570154","4.24581","Australia"
"113","Core Natural Resources","CNR","4390822912","88.46","United States"
"114","Skeena Resources","SKE","4088829440","32.59","Canada"
"115","Merdeka Copper Gold","MDKA.JK","4015535017","0.164439","Indonesia"
"116","Aya Gold &amp; Silver","AYA.TO","3940926375","27.3607","Canada"
"117","Ero Copper","ERO","3922822144","37.61","Canada"
"118","Regis Resources","RRL.AX","3814674483","5.02793","Australia"
"119","NGEx Minerals","NGEX.TO","3622674489","16.7052","Canada"
"120","Aris Mining","ARIS","3577443840","17.33","Canada"
"121","Hochschild Mining","HOC.L","3550783117","6.90198","United Kingdom"
"122","New Hope Corporation","NHC.AX","3494116012","4.14106","Australia"
"123","NLC India","NLCINDIA.NS","3490237251","2.51705","India"
"124","Wesdome Gold Mines","WDO.TO","3472579343","24.1921","Canada"
"125","Westgold Resources Limited","WGX.AX","3366024127","3.57542","Australia"
"126","Taseko Mines","TGB","3239306496","8.85","Canada"
"127","Fortuna Mining","FSM","3231854592","10.92","Canada"
"128","IGO Limited","IGO.AX","3215215103","4.24581","Australia"
"129","Dowa Holdings","5714.T","3170513123","53.6028","Japan"
"130","Alliance Resource Partners","ARLP","3167579648","24.62","United States"
"131","Predictive Discovery Limited","PDI.AX","3084586817","3.12151","Australia"
"132","Peabody Energy","BTU","3063346944","25.13","United States"
"133","Seabridge Gold","SA","3029023744","28.08","Canada"
"134","NovaGold Resources","NG","2944455424","6.71","Canada"
"135","Allied Gold Corporation","AAUC.TO","2869990143","20.5959","Canada"
"136","Turk Altin Isletmeleri A.S.","TRALT.IS","2849545955","0.889788","Turkey"
"137","Altius Minerals","ALS.TO","2657842139","45.2366","Canada"
"138","Energy Fuels","UUUU","2637144832","9.96","United States"
"139","Paladin Energy","PDN.AX","2632763455","5.85894","Australia"
"140","Perpetua Resources","PPTA","2581977344","20.64","United States"
"141","Endeavour Silver","EXK","2561649664","8.65","Canada"
"142","Vale Indonesia","INCO.JK","2517192109","0.238828","Indonesia"
"143","Exxaro Resources","EXX.JO","2464332100","10.5249","South Africa"
"144","NRW Holdings Limited","NWH.AX","2432694992","5.27235","Australia"
"145","Alpha Metallurgical Resources","AMR","2302134272","181.57","United States"
"146","Nickel Industries Limited","NIC.AX","2289218974","0.527235","Australia"
"147","KIOCL","KIOCL.NS","2253314363","3.70763","India"
"148","Sinda Ltd.","SIND","2226248192","14.02","Mexico"
"149","Denison Mines","DNN","2199776000","2.43","Canada"
"150","DRDGOLD","DRD","2160597760","24.87","South Africa"
"151","Sunshine Silver Mining & Refining Company","SSMR","2140089216","14.89","United States"
"152","Snowline Gold Corp.","SGD.TO","2007825370","10.6555","Canada"
"153","CGN Mining Company","1164.HK","2004869243","0.263775","Hong Kong"
"154","Ora Banda Mining","OBM.AX","1973627653","1.01955","Australia"
"155","Hycroft Mining","HYMC","1788156544","19.19","United States"
"156","Nexa Resources","NEXA","1748189568","13.2","Luxembourg"
"157","Liontown Resources","LTR.AX","1716358387","0.537709","Australia"
"158","Iluka Resources","ILU.AX","1707530856","3.9595","Australia"
"159","African Rainbow Minerals","ARI.JO","1690706500","8.76862","South Africa"
"160","Alkane Resources","ALK.AX","1688674812","1.23603","Australia"
"161","Resolute Mining","RSG.AX","1671723215","0.782123","Australia"
"162","Macmahon Holdings","MAH.AX","1670414969","0.77514","Australia"
"163","BEML","BEML.NS","1630918287","19.5814","India"
"164","Ivanhoe Electric","IE","1626224640","10.19","Canada"
"165","Stanmore Resources","SMR.AX","1611426278","1.78771","Australia"
"166","Al Masane Al Kobra Mining Company","1322.SR","1609827472","18.1777","Saudi Arabia"
"167","Bellevue Gold","BGL.AX","1546704581","1.03701","Australia"
"168","Gujarat Mineral Development","GMDCLTD.NS","1518847564","4.77625","India"
"169","Nittetsu Mining","1515.T","1484683274","19.4012","Japan"
"170","The Metals Company","TMC","1480009600","3.355","Canada"
"171","Americas Gold and Silver Corp","USAS","1474367232","4.36","Canada"
"172","Deterra Royalties","DRR.AX","1455678975","2.73743","Australia"
"173","Eramet","ERA.PA","1454799183","50.7617","France"
"174","i-80 Gold","IAUX","1376783744","1.59","United States"
"175","Vizsla Silver","VZLA","1260451840","3.55","Canada"
"176","Imdex Limited","IMD.AX","1224408546","2.35335","Australia"
"177","New Pacific Metals","NEWP","1221194624","6.58","Canada"
"178","BCI Minerals Limited","BCI.AX","1170290827","0.398045","Australia"
"179","Solaris Resources","SLSR","1141099136","6.83","Canada"
"180","Collective Mining","CNL","1118477056","12.06","Canada"
"181","McEwen Mining","MUX","1097091200","17.88","Canada"
"182","Champion Iron","CIA.AX","1095063745","1.95531","Australia"
"183","Sigma Lithium","SGML","1052513792","9.35","Canada"
"184","ASA Gold and Precious Metals","ASA","1034590144","56.36","United States"
"185","Jastrzebska Spólka Weglowa","JSW.WA","1019642861","8.68435","Poland"
"186","Develop Global Limited","DVP.AX","981660754","2.97486","Australia"
"187","Compass Minerals","CMP","956744128","22.79","United States"
"188","Versamet Royalties Corporation","VMET","954434816","8.77","Canada"
"189","Major Drilling Group International","MDI.TO","949478900","11.5457","Canada"
"190","Avino Silver &amp; Gold Mines","ASM","942696768","5.55","Canada"
"191","Neo Performance Materials","NEO.TO","890594592","19.278","Canada"
"192","Kingsgate Consolidated Limited","KCN.AX","879968243","3.30307","Australia"
"193","Lithium Americas","LAC","853150912","2.35","Canada"
"194","Pantoro Limited","PNR.AX","821910323","2.10894","Australia"
"195","Metalla Royalty & Streaming","MTA","819958848","8.77","Canada"
"196","Dakota Gold","DC","815771776","6.08","United States"
"197","Marimaca Copper","MARI.TO","767452666","5.67823","Canada"
"198","Compañía de Acero del Pacífico","CAP.SN","766333859","5.12776","Chile"
"199","IMC Rare Earths","IMC","761040000","7.2","Brazil"
"200","Gold Royalty Corp","GROY","713576576","3.08","Canada"
"201","Arafura Rare Earths","ARU.AX","699830907","0.115223","Australia"
"202","Osisko Development","ODV","691717504","2.27","Canada"
"203","Metals Exploration","MTL.L","675293378","0.219699","United Kingdom"
"204","Deep Yellow","DYL.AX","666732048","0.684358","Australia"
"205","Hallador Energy Company","HNRG","656235520","13.92","United States"
"206","International Tower Hill Mines","THM","637978880","2.4","Canada"
"207","Northern Dynasty Minerals","NAK","629576256","1.12","Canada"
"208","IsoEnergy","ISO.TO","606132284","9.28847","Canada"
"209","New Found Gold","NFGC","603441344","1.57","Canada"
"210","Galiano Gold","GAU","572885952","2.19","Canada"
"211","Chrysos Corporation Limited","C79.AX","571441280","4.89525","Australia"
"212","Energy Resources of Australia","ERA.AX","566195872","0.00139665","Australia"
"213","Contango Ore","CTGO","559462784","16.73","United States"
"214","Ramaco Resources","METC","554044480","8.7","United States"
"215","Core Lithium Ltd","CXO.AX","553782375","0.171089","Australia"
"216","United States Antimony Corporation","UAMY","550783296","3.68","United States"
"217","Integra Resources","ITRG","533556192","2.63","Canada"
"218","Bannerman Energy","BMN.AX","523845303","2.19274","Australia"
"219","Aurelia Metals","AMI.AX","516625862","0.300279","Australia"
"220","Patriot Battery Metals","PMET.TO","516181930","2.77603","Canada"
"221","BMC Minerals","BMC.AX","510154935","1.85754","Canada"
"222","Trilogy Metals","TMQ","507811392","2.8","Canada"
"223","MOIL","MOIL.NS","494118299","2.42828","India"
"224","Aeris Resources","AIS.AX","492555427","0.328212","Australia"
"225","NioCorp Developments","NB","491513248","3.37","United States"
"226","Meteoric Resources","MEI.AX","487142824","0.167598","Australia"
"227","AIC Mines Limited","A1M.AX","485720567","0.607542","Australia"
"228","Western Copper and Gold","WRN","474968384","2.1","Canada"
"229","Emeco Holdings","EHL.AX","459791495","0.890363","Australia"
"230","Caledonia Mining","CMCL","459208160","23.75","Jersey"
"231","EMX Royalty","EMX","453291424","4.16","Canada"
"232","WA1 Resources","WA1.AX","450695540","6.06145","Australia"
"233","Jaguar Mining","JAG.TO","417532018","4.8931","Canada"
"234","29Metals","29M.AX","403299787","0.230447","Australia"
"235","Ur-Energy","URG","401842336","1.01","United States"
"236","Boss Energy","BOE.AX","394323073","0.949721","Australia"
"237","Standard Lithium","SLI","389918976","1.58","Canada"
"238","Vista Gold","VGZ","386824064","2.65","United States"
"239","Tanzanian Gold Corporation","TRX","383144576","1.17","Canada"
"240","Idaho Strategic Resources","IDR","376504608","23.79","United States"
"241","Vox Royalty","VOXR","355815840","5.12","Canada"
"242","Capital Limited","CAPD.L","352481343","1.56171","United Kingdom"
"243","Jupiter Mines Limited","JMS.AX","350064146","0.178073","Australia"
"244","Central Asia Metals","CAML.L","346866732","2.03552","United Kingdom"
"245","Nouveau Monde Graphite","NMG","345614656","1.05","Canada"
"246","Guardian Metal Resources","GMTL","295718528","7.59","United Kingdom"
"247","Chalice Mining","CHN.AX","288807433","0.740223","Australia"
"248","American Battery Technology Company","ABAT","280878176","1.97","United States"
"249","NACCO Industries","NC","268435936","35.57","United States"
"250","Mount Gibson Iron","MGX.AX","267904529","0.226955","Australia"
"251","Los Andes Copper","LA.V","264242884","8.6926","Canada"
"252","Kore Potash plc","KP2.L","256885717","0.0496307","United Kingdom"
"253","Metro Mining","MMI.AX","254431613","0.824022","Australia"
"254","Lubelski Wegiel Bogdanka","LWB.WA","235892337","6.93524","Poland"
"255","Ioneer","IONR","234177648","2.92","Australia"
"256","Silver Mines Limited","SVL.AX","231701401","0.0907821","Australia"
"257","Silver Bow Mining","SBMT","230322304","7.8","United States"
"258","U.S. Gold Corp","USAU","227599696","13.77","United States"
"259","Prakash Industries","PRAKASH.NS","219688020","1.22675","India"
"260","Sovereign Metals","SVM.AX","213004150","0.324721","Australia"
"261","GreenX Metals","GRX.AX","208243681","0.666899","Australia"
"262","Nova Minerals","NVA","208086704","5.45","Australia"
"263","Rare Earths Americas","REA","205944288","10.04","United States"
"264","Mechel PAO","MTLR.ME","204427222","0.49","Russia"
"265","Coronado Global Resources","CRN.AX","199020352","0.118715","Australia"
"266","GoldMining Inc.","GLDG","192116368","0.8944","Canada"
"267","enCore Energy","EU","188394256","0.9697","Canada"
"268","HMS Bergbau","HMU.DE","181654109","39.9866","Germany"
"269","Red Hill Minerals Limited","RHI.AX","180307716","2.80726","Australia"
"270","Polymetals Resources","POL.AX","170151291","0.551676","Australia"
"271","Comstock Inc.","LODE","167767920","2.21","United States"
"272","Platinum Group Metals","PLG","164971792","1.29","Canada"
"273","Global Atomic","GLO.TO","154600652","0.255871","Canada"
"274","Atlantic Lithium Limited","A11.AX","148322878","0.185056","Australia"
"275","Mega Uranium","MGA.TO","133561745","0.347003","Canada"
"276","Blossom Gold Inc.","BGAU.TO","124560469","0.946372","Canada"
"277","Fenix Resources","FEX.AX","121092231","0.157123","Australia"
"278","Silver One Resources","SVE.V","120026821","0.339993","Canada"
"279","Alligator Energy","AGE.AX","118142064","0.0244413","Australia"
"280","Syrah Resources Limited","SYR.AX","111880578","0.0481844","Australia"
"281","Strickland Metals Limited","STK.AX","110686533","0.0418994","Australia"
"282","Fury Gold Mines","FURY","105314224","0.5539","Canada"
"283","Renascor Resources","RNU.AX","100462589","0.0394553","Australia"
"284","Encounter Resources","ENR.AX","99803416","0.178073","Australia"
"285","Laramide Resources","LAM.TO","99535167","0.339993","Canada"
"286","Forsys Metals","FSY.TO","99502819","0.40659","Canada"
"287","Valiant Gold","VAL.AX","98044712","0.181564","Australia"
"288","Grange Resources","GRR.AX","92942707","0.0803073","Australia"
"289","U.S. GoldMining","USGO","87442632","6.23","United States"
"290","Investigator Resources","IVR.AX","86085411","0.0328212","Australia"
"291","Talga Group","TLG.AX","82062260","0.160615","Australia"
"292","Peninsula Energy","PEN.AX","81823255","0.143156","Australia"
"293","Quantum Graphite","QGL.AX","78793294","0.223464","Australia"
"294","Scully Royalty","SRL","77654392","5.1","China"
"295","Apex Critical Metals","KL9.F","76166176","0.789651","Canada"
"296","Orosur Mining","OMI.V","76125490","0.189274","Canada"
"297","Majestic Gold","MJS.V","69437865","0.0665966","Canada"
"298","Elevate Uranium","EL8.AX","69156378","0.146648","Australia"
"299","Atlas Lithium","ATLX","68928552","2.29","United States"
"300","Lake Resources NL","LKE.AX","68093439","0.0265363","Australia"
"301","Aura Energy","AURA.L","65308663","0.0641891","Australia"
"302","Idaho Copper Corporation","COPR","59680244","3.37","United States"
"303","Ascot Resources","AOT.TO","59394492","0.0399384","Canada"
"304","Westwater Resources","WWR","58522708","0.4552","United States"
"305","Solitario Resources","XPL","53960672","0.5699","United States"
"306","Nordisk Bergteknik AB","NORB-B.ST","52902390","0.924255","Sweden"
"307","Oman Chromite Company","OCCI.OM","47155105","12.9904","Oman"
"308","Toro Energy","TOE.AX","46891846","0.38985","Australia"
"309","Apollo Minerals Limited","AON.AX","46632328","0.0370112","Australia"
"310","Gold Road International p.l.c.","GOLDR.OL","46156315","0.805175","Malta"
"311","Jaguar Uranium","JAGU","21607342","1.07","Canada"
"312","Almaden Minerals","AAU","20102876","0.1465","Canada"
"313","Arizona Metals","AMC.TO","17382565","0.126183","Canada"
"314","Burgundy Diamond Mines","BDM.AX","16877748","0.0118715","Australia"
"315","Austin Gold","AUST","13419141","0.98","United States"
"316","Atlas Critical Minerals","ATCX","13216673","2.6","Brazil"
"317","Halo Minerals PLC","HALO.L","12091958","0.109188","United Kingdom"
"318","Nordic Mining ASA","NOM.OL","11509694","0.09202","Norway"
"319","Renegade Gold","RAGE.V","10252555","0.255871","Canada"
"320","Polar Resources AS","POLAR.OL","7601015","0.533298","Norway"
"321","Superior Resources","SPQ.AX","7376176","0.0027933","Australia"
"322","Aurora Energy Metals","1AE.AX","7127537","0.0398045","Australia"
"323","Sabre Resources","SBR.AX","4470135","0.00488827","Australia"
"324","Golden Minerals","AUMN","4113016","0.2177","United States"
"325","Auric Minerals","AUMC.CN","2701128","0.0455661","Canada"
